{"results": {"recon_loss": [0.0021781993564218283, 0.0022682163398712873, 0.002387147629633546, 0.002020308282226324, 0.002504864241927862, 0.002459988696500659, 0.002864670241251588, 0.003077288856729865, 0.0035764852073043585, 0.00334332138299942, 0.003874167101457715, 0.003159215673804283, 0.0022269818000495434, 0.0026635483372956514, 0.003229316556826234, 0.0030029569752514362, 0.003822189522907138, 0.0028571700677275658, 0.0037337334360927343, 0.0022839498706161976, 0.003074937267228961, 0.0026666438207030296, 0.0024371424224227667, 0.002761838724836707, 0.0026982948184013367, 0.0020803448278456926, 0.004103152547031641, 0.003709046868607402, 0.0031450288370251656, 0.0036024372093379498, 0.0020254398696124554, 0.004350469913333654, 0.00449953181669116, 0.0028175555635243654, 0.003119443776085973, 0.002757023088634014, 0.0032941950485110283, 0.004450054373592138, 0.0023588044568896294, 0.0025740095879882574, 0.002512821462005377, 0.004166781436651945, 0.0023025970440357924, 0.0037480369210243225, 0.004005639348179102, 0.002157343551516533, 0.0024367959704250097, 0.003259003162384033, 0.0024460286367684603, 0.003052270272746682, 0.003861608449369669, 0.0024269064888358116, 0.003144766204059124, 0.0028173865284770727, 0.0035434833262115717, 0.004358869977295399, 0.002514412859454751, 0.0037237536162137985, 0.0025796268600970507, 0.0030416762456297874, 0.0035779722966253757, 0.0026098061352968216, 0.0022854639682918787, 0.004446997307240963, 0.002912341384217143, 0.0028539637569338083, 0.002399094868451357, 0.0023621360305696726, 0.002653663046658039, 0.0020475478377193213, 0.004411524627357721, 0.0033364908304065466, 0.0027283900417387486, 0.002380623947829008, 0.0040227374993264675, 0.00412707170471549, 0.0038058836944401264, 0.0024908792693167925, 0.0025900895707309246, 0.003440326079726219, 0.0030010377522557974, 0.0034060226753354073, 0.00264813844114542, 0.002213212428614497, 0.002148754894733429, 0.0022617897484451532, 0.0022756464313715696, 0.002952657174319029, 0.003701927373185754, 0.003275151364505291, 0.0032570920884609222, 0.004324291832745075, 0.0022071634884923697, 0.0026583089493215084, 0.002517042215913534, 0.0032379382755607367, 0.002311325166374445, 0.002522733062505722, 0.0022645655553787947, 0.0031172975432127714, 0.002283040201291442], "mig_score": [], "gaussian_total_corr": [45.22325882963068, 38.79134786925903, 47.6986053301832, 40.62188751892148, 42.50584160272692, 44.58632716207521, 42.782632007964565, 44.400154548969624, 43.78183936836007, 43.75736956179384, 45.26510519526508, 45.76499885349554, 49.36789191307736, 41.671066316344536, 38.69837824494576, 44.85654645431299, 45.69336232831566, 43.15356408245728, 50.24263455022239, 41.058031382695475, 43.85339704008294, 47.57171547859946, 43.22586231935631, 45.77995985567799, 47.391446254264025, 46.197903546739525, 38.4724014193562, 48.852124905331635, 47.34065257771073, 43.75176846639559, 40.256372921969586, 42.81083681205729, 41.05721837187173, 38.92274264782526, 40.75089538876114, 37.37826620875455, 39.61820665017353, 36.478667998748705, 45.23171282083214, 46.769539254973495, 42.664391704932285, 43.42756814288907, 44.26336211513066, 43.36001059385521, 40.32010432914265, 41.57866824204456, 47.632206756834364, 48.636713530949095, 43.46027637366939, 38.6070761569064, 44.81378737206933, 41.738548262564706, 37.173860281184034, 40.75443325945275, 45.149980455135164, 44.0223452356735, 51.65917351246836, 41.404079749584184, 43.06824702715875, 41.944827534404595, 40.7174662967013, 45.436664354800115, 43.09678243938694, 36.31591761011592, 40.19546204384264, 42.46735125852359, 43.729709052318526, 52.69898516559957, 42.99312201177571, 44.15629301506647, 37.14672861278322, 38.370486715099446, 43.83213844041322, 43.96491249501588, 43.269835169923965, 45.02089085829846, 40.55433570466417, 44.133236252403265, 46.616799058909095, 46.150170954358686, 41.635169915908676, 38.28820945232502, 37.870119376546285, 49.121868143416236, 47.545234517395585, 38.75156381720481, 45.90508856200236, 38.395053924996034, 35.76503903331465, 39.38524179592392, 38.73884579219984, 48.72391886464203, 41.73189885486357, 39.99831819911182, 47.92944490877605, 52.554139966404705, 43.2381199388461, 41.237259626209635, 38.045567855504174, 47.91624164897141, 40.885940426773146], "gaussian_wasserstein_corr": [5.40616137583039, 2.824737794453668, 3.952991197830702, 2.6911627019954985, 3.65943603651969, 3.09972228954004, 2.2105131264811426, 2.475183797335001, 3.480121083646498, 2.115553875376138, 2.32249984359604, 3.8897114890097413, 3.0396296424600244, 3.2698212916075082, 3.208692169949794, 2.900595324345156, 3.0987509886117355, 2.0008585281223468, 3.031702452925135, 4.719800486647426, 3.98697627664378, 2.8290863413286953, 2.865092516337654, 2.835407002208825, 3.872556597433787, 3.1892645759052964, 2.500514127396835, 3.0958442384667215, 2.756239713586302, 2.5545605479937485, 2.0110438390037118, 2.609711822290347, 3.5203652315592144, 2.4929021379522673, 2.0304113361359217, 3.842996870721059, 1.7604087890585713, 1.4521700766507877, 3.2290174383452186, 3.117662552157908, 3.8141805991943123, 3.6919183020328816, 2.60138332679594, 5.693612818071209, 4.75444975083855, 2.5865229236037415, 3.0981804516545584, 3.9943132042951888, 2.461530222249662, 3.499749421273588, 2.6566699276169388, 2.671134077661753, 2.3764776087409203, 3.4511598190661186, 3.660227266214058, 2.076069653076109, 4.012594219087628, 2.04597861810697, 3.2714294990741166, 2.817017153528079, 3.4286335257239298, 2.852577052816425, 3.305870110834208, 3.5491031675826985, 2.952727872490435, 3.959091199771656, 3.4758341469755187, 2.62318056269393, 2.091829092959834, 2.8540040752884295, 3.8366496411493056, 3.081741533511668, 3.72828383798182, 2.3672484648351677, 3.142810673094303, 3.1555031877325543, 2.7216391571680774, 3.4825256853321367, 2.6463599930573487, 2.7247056267528063, 2.2269669475718636, 1.8363264923975002, 4.725937468028263, 1.853946009349814, 2.300275543183732, 2.9164578580240885, 2.6813431272356265, 2.6812217932678237, 1.959970836104901, 3.469170161443902, 3.092409345278572, 3.7088077452597226, 2.908420993995799, 3.1673231306300593, 3.148115203699554, 4.016081906982169, 3.6246731582835494, 4.02333541652575, 2.0368515510890504, 2.2291459092845205, 3.5295214207134453],