{"results": {"recon_loss": [0.021665507927536964, 0.015672363340854645, 0.010635411366820335, 0.012262484058737755, 0.01431320235133171, 0.009289058856666088, 0.009703509509563446, 0.010586787015199661, 0.016994290053844452, 0.015957733616232872, 0.02389908954501152, 0.010451925918459892, 0.006059968378394842, 0.006180002354085445, 0.00633242866024375, 0.011456357315182686, 0.01553734578192234, 0.010367793031036854, 0.019777996465563774, 0.013742086477577686, 0.01359314564615488, 0.011128395795822144, 0.014516666531562805, 0.011254271492362022, 0.011825574561953545, 0.020093338564038277, 0.011011209338903427, 0.024245811626315117, 0.013914783485233784, 0.007738039363175631, 0.017307797446846962, 0.00970681756734848, 0.006300307344645262, 0.021265462040901184, 0.011948472820222378, 0.016915639862418175, 0.012959602288901806, 0.01207024697214365, 0.019512491300702095, 0.015999753028154373, 0.020013749599456787, 0.016441497951745987, 0.01372353546321392, 0.008058903738856316, 0.018761200830340385, 0.02092881128191948, 0.01681268773972988, 0.011478138156235218, 0.016736673191189766, 0.016100792214274406, 0.007861634716391563, 0.02272127941250801, 0.017706580460071564, 0.013922560960054398, 0.011289594694972038, 0.014048567973077297, 0.013115089386701584, 0.012574446387588978, 0.012340040877461433, 0.01277192309498787, 0.017780667170882225, 0.01826236955821514, 0.013554234057664871, 0.016957439482212067, 0.02120877243578434, 0.01894397661089897, 0.0043234857730567455, 0.023449819535017014, 0.019352776929736137, 0.011570131406188011, 0.015681056305766106, 0.01566072553396225, 0.019492488354444504, 0.009691000916063786, 0.015664221718907356, 0.009342526085674763, 0.004800085444003344, 0.009604046121239662, 0.01333412155508995, 0.015960300341248512, 0.019761983305215836, 0.01686307042837143, 0.011403683573007584, 0.022624801844358444, 0.014839728362858295, 0.0126503249630332, 0.023291917517781258, 0.011503550224006176, 0.009634774178266525, 0.021473154425621033, 0.016872867941856384, 0.01664547808468342, 0.0062177181243896484, 0.013627837412059307, 0.022130751982331276, 0.012109207920730114, 0.02156408689916134, 0.023236917331814766, 0.0194234661757946, 0.015732266008853912, 0.016269683837890625], "mig_score": [], "gaussian_total_corr": [56.68808825057802, 47.89743487197612, 56.84688038254405, 52.414321738956694, 50.3064214251667, 52.90238259087014, 50.743448852133916, 53.00716852470683, 46.13561352988478, 56.90687032434363, 49.7437587428097, 57.22931123720846, 58.91443357865416, 59.209875100840925, 48.982865169919506, 61.44391663903014, 50.76927989762411, 43.87577360550819, 51.517284617541556, 50.01609363193504, 62.874277510911114, 53.710352171530765, 56.01096048902564, 49.42566743163293, 54.34091676706668, 57.16653326286858, 50.752817389417515, 52.3349582643339, 50.86361543786431, 56.46723706266831, 54.605278070281265, 47.94068787280904, 51.05350182275169, 55.12176711884632, 52.48604047957433, 59.10166901585168, 56.66861578815952, 51.63822131546236, 56.46561760137933, 57.51184808583402, 50.13235369332712, 48.7565090585407, 51.72909378114363, 55.534430463958174, 47.659693946985755, 56.03224530761295, 54.05359523180716, 49.90094142635183, 58.145770682213154, 53.83730445965025, 46.678493831012034, 60.71784180865591, 53.94737609059628, 57.297817118183445, 57.16495717896608, 62.76114473852401, 55.69474581250089, 58.31878643798086, 50.02756608509538, 55.21443726852604, 58.58524632695837, 55.78275824537672, 59.41556019795874, 52.8363557075962, 51.73977147607369, 54.21690423594968, 48.72582095107621, 62.31938962545277, 48.35935475932747, 51.4205800807011, 58.483476752456866, 59.97533418718391, 56.76118051730787, 55.00590917812196, 53.02769940177519, 50.47400981137901, 52.953819328317024, 56.06180364397482, 55.67154337285485, 64.30806309493963, 47.127397320934904, 55.46649498005753, 57.176160383916006, 52.35382609138202, 56.05297615534509, 49.56109647331183, 52.40092724476195, 68.62981328090831, 47.82786287609288, 51.95667396090832, 52.59305217283428, 49.9993509056094, 51.684702357834155, 55.06974487515392, 53.70161208858653, 56.4791019056675, 55.70640703156582, 49.77669950655715, 57.18732129162353, 62.142101980351086, 60.11158575202292], "gaussian_wasserstein_corr": [22.952899636395625, 16.23504145470858, 23.90899182529668, 21.463285735823995, 16.941052770047627, 23.815585913569535, 16.79789456281099, 20.927701034492834, 21.3947670627961, 28.62411092752967, 15.113861591353551, 25.495611279353312, 29.570328002899167, 18.45587689110895, 14.916905616089625, 29.82419131429684, 17.074967865819495, 15.056431626613488, 19.032758376032653, 16.01766801209997, 25.15887396430263, 21.355594544475963, 22.743912243568765, 14.265373222014546, 25.2452227879649, 27.765207762659166, 16.891310261344664, 19.691059641566305, 21.639061233789498, 22.729859680227243, 26.829607012466226, 12.812008020151271, 26.340101259835343, 14.831935448357648, 19.427626147834932, 30.949236000352798, 22.051792963054936, 18.42224033270736, 19.364188563991604, 26.434931103004132, 15.076766673200247, 14.203114697139913, 15.665575467407827, 18.78752115796807, 18.011783766149968, 17.248265774266585, 21.738376578939224, 18.84708991258985, 24.636905772105486, 23.875596141982633, 18.956415644329276, 27.877346015380105, 14.523476164411136, 30.004585967012943, 15.04278383509558, 32.616433011237454, 28.131044631168734, 37.190678789985036, 22.10338734754629, 17.523608638346683, 31.509105746106492, 22.022083599379183, 24.77565431998174, 19.72420641851791, 19.09146217895575, 22.88498914907838, 12.759995957910395, 31.345337192423273, 15.360560501599004, 15.384925358458261, 30.017760882926424, 31.50850388681441, 18.410157320922394, 32.337667327401626, 22.21179836942659, 16.06110185970944, 13.588810957180474, 20.374156930590644, 19.322413680118302, 28.714192570745382, 16.10414296332368, 18.572653348660747, 29.42633387911929, 18.151198238214334, 20.863677579151542, 15.582471910158432, 15.10201613577349, 30.721459215058005, 18.03449038693047, 15.678674651313656, 20.710889870505923, 17.176776720554287, 19.03534774706163, 21.210501262728265, 16.923833446510535, 27.938448409902044, 21.603946010540902, 15.724937487467315, 22.275936272226154, 19.816756171991415, 20.053058528260753],