{"results": {"recon_loss": [0.04793845862150192, 0.03526708483695984, 0.03850346803665161, 0.04413624107837677, 0.04382568970322609, 0.050146639347076416, 0.016163978725671768, 0.06098993867635727, 0.03482399880886078, 0.020540421828627586, 0.02645922265946865, 0.039545830339193344, 0.04170627519488335, 0.05188453197479248, 0.04019881412386894, 0.028076913207769394, 0.05627960339188576, 0.044993747025728226, 0.06439458578824997, 0.040550850331783295, 0.06284913420677185, 0.05330769345164299, 0.07128644734621048, 0.027106843888759613, 0.0603233203291893, 0.03270680084824562, 0.03873871639370918, 0.06614938378334045, 0.020819880068302155, 0.029252106323838234, 0.036235883831977844, 0.02598758600652218, 0.04869290441274643, 0.03411005437374115, 0.05065109208226204, 0.04125972092151642, 0.05248434841632843, 0.038350384682416916, 0.048318132758140564, 0.04386817663908005, 0.051796913146972656, 0.04766881465911865, 0.04132890701293945, 0.03685770183801651, 0.058766886591911316, 0.03535217419266701, 0.05223426967859268, 0.036997850984334946, 0.0543343722820282, 0.04737328737974167, 0.06500532478094101, 0.05868581309914589, 0.03587145730853081, 0.03359156847000122, 0.053610775619745255, 0.04564797505736351, 0.04695487767457962, 0.026634925976395607, 0.03419913351535797, 0.06536194682121277, 0.046158432960510254, 0.05794138461351395, 0.03755353018641472, 0.03513050824403763, 0.043226208537817, 0.045604243874549866, 0.030620915815234184, 0.02942357026040554, 0.05060647800564766, 0.04616319015622139, 0.029171282425522804, 0.08399417251348495, 0.043824873864650726, 0.03441133350133896, 0.038157012313604355, 0.0355520099401474, 0.046480800956487656, 0.03400839492678642, 0.03733395040035248, 0.057881344109773636, 0.0596744678914547, 0.04157092794775963, 0.04777068272233009, 0.025537723675370216, 0.03780495375394821, 0.03428203612565994, 0.042562779039144516, 0.044220734387636185, 0.03536967933177948, 0.08238578587770462, 0.043897174298763275, 0.03549135848879814, 0.0497870109975338, 0.05408007279038429, 0.030862124636769295, 0.044924311339855194, 0.057720109820365906, 0.04948558285832405, 0.02124002017080784, 0.05973977968096733, 0.03578495606780052], "mig_score": [], "gaussian_total_corr": [84.57559445032258, 42.57478126245945, 30.84100668177409, 57.15573776290833, 54.18685626499641, 26.889303706602306, 22.558142946448797, 91.1681425889904, 25.441060337107075, 29.870655980743308, 32.03027441188041, 23.286975873214743, 26.983747476721135, 61.83230936902123, 88.20364905659028, 27.176302512874713, 30.308394550304996, 76.96711032877599, 48.448366150710115, 29.389073042151026, 27.705135546674427, 30.474833026706634, 35.25113081230842, 25.526585917465155, 36.76261334998114, 58.52109768124555, 30.80156066807757, 29.603018760979154, 76.99667122791493, 31.297594054492095, 74.09800454032953, 26.323379634675945, 28.41964260729577, 24.81823407497663, 33.328836439364665, 60.84876479544627, 86.03697762206703, 28.36140688609771, 91.18035886582454, 31.85877535800465, 32.725639874388605, 28.77692512068481, 37.57767741440367, 36.77067324955682, 81.645326394255, 86.45077541038005, 47.03125100836745, 31.33594463921716, 22.97150036230167, 31.89427522827924, 28.143090142257492, 34.62904776860063, 29.228018585556754, 21.274777738916256, 40.12056857058485, 36.122297139354714, 56.02575522700417, 30.409646155644964, 30.201736745340213, 24.13356341901988, 31.046115995284893, 36.33017815099117, 64.99931182035786, 56.00542987844233, 57.22612812533704, 23.20631771499552, 24.058845279292598, 29.488339518395122, 24.792627042221795, 74.27997008112071, 53.55999846787671, 41.66045347415529, 73.27807176251449, 27.123518765432877, 25.735976963735823, 22.340710353744498, 75.90600228524761, 74.94911803263292, 33.182983214708514, 28.08598841343266, 24.774273640299924, 52.67477212202479, 24.155437707725355, 86.31350603224118, 24.44890604802822, 70.8007685865422, 38.51781850030568, 51.38939603236365, 25.079304716946723, 28.373350174495158, 34.42852641136544, 29.71971764111295, 29.18363136356355, 65.35332873092086, 23.462270033753214, 41.062551813162344, 45.594197539708034, 29.760354317161557, 26.64646221920586, 43.2950130175376, 28.722654189828432], "gaussian_wasserstein_corr": [7.2782036047710505, 0.12004521419385306, 0.4821119626554129, 0.243785609683707, 0.45967329284825276, 0.09876149675433954, 0.3679449697896686, 7.344175903500641, 0.02992825343536598, 0.14608098354396937, 0.44592347324976345, 0.172868898491517, 0.24417997373808742, 0.6282713519262852, 7.0356680167655945, 0.24788142362315657, 0.212066726361277, 3.058467327318933, 0.4525922973596117, 0.3961032788706591, 0.10321214463758377, 0.11342562169287795, 0.2641793735460025, 0.2892577840255548, 0.3823790548334767, 0.8180224120728816, 0.08320229314135741, 0.10560472069887528, 3.4950171337171945, 0.3843048720129767, 2.624175046836438, 0.2725242397572911, 0.43257338794022715, 0.29150542113156064, 0.18088726009256995, 0.697821808562149, 9.293075583900333, 0.13702362582701877, 8.991582424049245, 0.12091301700744239, 0.13866391973550218, 0.3419914774626154, 0.1680976257018676, 0.35780056685868544, 7.332755895106281, 6.208567877937426, 0.38092571038887346, 0.06857048699924473, 0.20084480124225745, 0.08930412109925889, 0.1872151476700985, 0.7062851802916565, 0.557068780471079, 0.13381781506656054, 0.13337242504802482, 0.20021750309466135, 0.6998891272850019, 0.24429801324596667, 0.27012633751037285, 0.1876092219204839, 0.13603777095180014, 0.1571039965292229, 1.1976889909619626, 0.5362231999567584, 0.6264701256600587, 0.20474313521307863, 0.18175116535778457, 0.467238637802045, 0.23188656401057806, 2.313259060847688, 0.7255937036784506, 0.366522525384652, 2.579148183135713, 0.09239886360986915, 0.12522759852165777, 0.06602061688311789, 2.048506634426152, 2.1013089169611057, 0.16826060947726074, 0.34028193889580294, 0.4304304498099425, 0.5375896043513713, 0.3935556670730982, 7.87068948824243, 0.16668243086090673, 1.4004762650950724, 0.15334291338821693, 0.21392634674677247, 0.18347042697800653, 0.3529928347104905, 0.1468624746163254, 0.03379566958649871, 0.34903531758408857, 0.9166436393547297, 0.44228090897923256, 0.15409675434552828, 0.13031021442645674, 0.18528397623088821, 0.08369323831236652, 0.09235880223111081, 0.17057613107286684],